id;employ_id;start_date;end_date
1;28196;2023-12-21T14:08:51;2023-12-21T14:16:17
2;3647;2023-12-21T18:42:04;2023-12-21T15:49:33
3;20880;2023-12-21T13:17:19;2023-12-22T01:40:44
4;27629;2023-12-21T11:05:13;2023-12-21T22:45:11
5;15085;2023-12-21T09:15:56;2023-12-22T04:17:07
6;29215;2023-12-21T23:16:54;2023-12-21T10:29:33
7;372;2023-12-21T17:27:11;2023-12-22T02:33:50
8;32660;2023-12-21T10:06:37;2023-12-21T14:58:02
9;9342;2023-12-21T22:02:34;2023-12-21T06:02:45
10;27592;2023-12-21T13:36:55;2023-12-21T21:49:33
